source_parent_group,source_child_group,source_subreddit,total_posts,negative_posts,positive_posts,norm_toxicity_accum,source_subreddit_row_count,toxicity_ratio,norm_toxicity_ratio
discussion,advice,advice,41,4,37,5.199999999999999,3,0.0975609756097561,0.1268292682926829
discussion,advice,bestoflegaladvice,64,20,44,26.0,1,0.3125,0.40625
discussion,advice,legaladvice,288,32,256,41.6,8,0.1111111111111111,0.14444444444444446
discussion,advice,mechanicadvice,37,1,36,1.3,2,0.02702702702702703,0.03513513513513514
discussion,advice,raisedbynarcissists,223,41,182,53.300000000000004,9,0.18385650224215247,0.23901345291479822
discussion,advice,relationship_advice,93,11,82,14.3,4,0.11827956989247312,0.15376344086021507
discussion,ama,ama,44,3,41,3.9,2,0.06818181818181818,0.08863636363636364
discussion,ama,casualiama,143,18,125,23.4,5,0.1258741258741259,0.16363636363636364
discussion,ama,iama,501,16,485,20.8,17,0.031936127744510975,0.04151696606786427
discussion,ask,askreddit,727,115,612,149.5,23,0.15818431911966988,0.20563961485557083
discussion,ask,asksciencefiction,20,3,17,3.9000000000000004,1,0.15,0.195
discussion,ask,shittyaskscience,196,19,177,24.7,8,0.09693877551020408,0.1260204081632653
discussion,customer service,kitchenconfidential,51,3,48,3.8999999999999995,4,0.058823529411764705,0.07647058823529411
discussion,customer service,talesfromtechsupport,12,1,11,1.2999999999999998,1,0.08333333333333333,0.10833333333333332
discussion,games,scenesfromahat,15,1,14,1.2999999999999998,1,0.06666666666666667,0.08666666666666666
discussion,general,casualconversation,47,3,44,3.9,1,0.06382978723404255,0.08297872340425531
discussion,general,changemyview,128,47,81,61.10000000000001,8,0.3671875,0.47734375000000007
discussion,general,crazyideas,25,4,21,5.199999999999999,2,0.16,0.20799999999999996
discussion,general,quotes,34,1,33,1.2999999999999996,2,0.029411764705882353,0.03823529411764705
discussion,general,showerthoughts,212,36,176,46.8,9,0.16981132075471697,0.22075471698113205
discussion,general,tipofmytongue,128,10,118,13.0,5,0.078125,0.1015625
discussion,occupation,askengineers,45,0,45,0.0,3,0.0,0.0
discussion,occupation,askhistorians,372,51,321,66.3,13,0.13709677419354838,0.1782258064516129
discussion,occupation,askphilosophy,83,7,76,9.1,2,0.08433734939759036,0.10963855421686747
discussion,occupation,askscience,172,15,157,19.499999999999996,9,0.0872093023255814,0.1133720930232558
discussion,occupation,asksocialscience,24,0,24,0.0,2,0.0,0.0
discussion,question/answer,nostupidquestions,268,33,235,42.9,13,0.12313432835820895,0.16007462686567164
discussion,question/answer,whatsthisplant,26,0,26,0.0,2,0.0,0.0
discussion,scary/weird,glitch_in_the_matrix,17,1,16,1.2999999999999998,1,0.058823529411764705,0.07647058823529411
discussion,scary/weird,thetruthishere,92,0,92,0.0,2,0.0,0.0
discussion,sex/gender,askgaybros,58,9,49,11.7,3,0.15517241379310345,0.20172413793103447
discussion,sex/gender,askmen,58,2,56,2.6,2,0.034482758620689655,0.04482758620689655
discussion,sex/gender,asktransgender,29,6,23,7.8,2,0.20689655172413793,0.2689655172413793
discussion,sex/gender,askwomen,44,0,44,0.0,2,0.0,0.0
discussion,stories,self,148,27,121,35.099999999999994,7,0.18243243243243243,0.23716216216216213
discussion,stories,tifu,63,3,60,3.8999999999999995,2,0.047619047619047616,0.06190476190476189
discussion,support,anxiety,38,6,32,7.799999999999999,2,0.15789473684210525,0.20526315789473681
discussion,support,depression,184,34,150,44.199999999999996,8,0.18478260869565216,0.2402173913043478
discussion,support,foreveralone,112,21,91,27.3,3,0.1875,0.24375
discussion,support,offmychest,111,27,84,35.1,6,0.24324324324324326,0.3162162162162162
discussion,support,rant,19,8,11,10.399999999999999,1,0.42105263157894735,0.5473684210526315
discussion,support,suicidewatch,144,25,119,32.49999999999999,5,0.1736111111111111,0.2256944444444444
discussion,support,trueoffmychest,12,4,8,5.199999999999999,1,0.3333333333333333,0.4333333333333333
educational,astronomy/aliens,astronomy,26,0,26,0.0,2,0.0,0.0
educational,astronomy/aliens,rockets,73,5,68,6.5,1,0.0684931506849315,0.08904109589041095
educational,astronomy/aliens,space,110,0,110,0.0,6,0.0,0.0
educational,biology,biology,85,0,85,0.0,1,0.0,0.0
educational,business,business,13,0,13,0.0,1,0.0,0.0
educational,business,smallbusiness,79,2,77,2.6,3,0.02531645569620253,0.03291139240506329
educational,chemistry,chemistry,96,0,96,0.0,1,0.0,0.0
educational,coding,artificial,14,0,14,0.0,1,0.0,0.0
educational,coding,compsci,18,0,18,0.0,1,0.0,0.0
educational,coding,howtohack,12,0,12,0.0,1,0.0,0.0
educational,coding,javascript,26,0,26,0.0,2,0.0,0.0
educational,coding,learnprogramming,153,1,152,1.3,8,0.006535947712418301,0.008496732026143792
educational,companies,nasa,12,0,12,0.0,1,0.0,0.0
educational,companies,spacex,11,0,11,0.0,1,0.0,0.0
educational,computer science/engineering,askengineers,45,0,45,0.0,3,0.0,0.0
educational,computer science/engineering,cscareerquestions,55,7,48,9.099999999999998,3,0.12727272727272726,0.1654545454545454
educational,computer science/engineering,engineering,27,0,27,0.0,1,0.0,0.0
educational,computer science/engineering,gamedev,117,3,114,3.8999999999999995,6,0.02564102564102564,0.033333333333333326
educational,computer science/engineering,ubuntu,21,0,21,0.0,1,0.0,0.0
educational,economics,basicincome,211,12,199,15.6,9,0.05687203791469194,0.07393364928909953
educational,economics,business,13,0,13,0.0,1,0.0,0.0
educational,economics,entrepreneur,148,5,143,6.5,4,0.033783783783783786,0.04391891891891892
educational,economics,marketing,26,0,26,0.0,2,0.0,0.0
educational,environment,environment,112,1,111,1.3,3,0.008928571428571428,0.011607142857142858
educational,explain like...,explainlikeimcalvin,38,0,38,0.0,1,0.0,0.0
educational,explain like...,explainlikeimfive,706,62,644,80.6,22,0.08781869688385269,0.11416430594900849
educational,facts,todayilearned,694,88,606,114.39999999999996,22,0.12680115273775217,0.16484149855907776
educational,general,changemyview,128,47,81,61.10000000000001,8,0.3671875,0.47734375000000007
educational,general,lawschool,14,0,14,0.0,1,0.0,0.0
educational,general,teachers,11,3,8,3.8999999999999995,1,0.2727272727272727,0.3545454545454545
educational,history,askhistorians,372,51,321,66.3,13,0.13709677419354838,0.1782258064516129
educational,history,badhistory,541,118,423,153.39999999999998,19,0.21811460258780038,0.2835489833641404
educational,history,history,146,0,146,0.0,2,0.0,0.0
educational,language,etymology,17,2,15,2.5999999999999996,1,0.11764705882352941,0.15294117647058822
educational,language,linguistics,64,0,64,0.0,4,0.0,0.0
educational,law,law,11,0,11,0.0,1,0.0,0.0
educational,math,math,44,4,40,5.199999999999999,3,0.09090909090909091,0.11818181818181817
educational,math,theydidthemath,1350,127,1223,165.1,44,0.09407407407407407,0.12229629629629629
educational,medicine,medicalschool,57,0,57,0.0,3,0.0,0.0
educational,physics,physics,115,0,115,0.0,5,0.0,0.0
educational,python,learnpython,176,3,173,3.8999999999999995,6,0.017045454545454544,0.022159090909090906
educational,python,python,80,0,80,0.0,2,0.0,0.0
educational,questions,outoftheloop,1044,89,955,115.69999999999996,34,0.08524904214559387,0.11082375478927199
educational,science,askscience,172,15,157,19.499999999999996,9,0.0872093023255814,0.1133720930232558
educational,science,cogsci,27,0,27,0.0,1,0.0,0.0
educational,science,everythingscience,50,0,50,0.0,2,0.0,0.0
educational,science,geology,24,0,24,0.0,1,0.0,0.0
educational,science,medicine,50,0,50,0.0,1,0.0,0.0
educational,science,science,64,2,62,2.6,4,0.03125,0.040625
educational,stocks,stockmarket,13,0,13,0.0,1,0.0,0.0
educational,stocks,stocks,15,0,15,0.0,1,0.0,0.0
educational,stocks,wallstreetbets,196,23,173,29.9,6,0.11734693877551021,0.15255102040816326
entertainment,anime/manga,anime,50,0,50,0.0,3,0.0,0.0
entertainment,anime/manga,animesuggest,29,3,26,3.9,1,0.10344827586206896,0.13448275862068965
entertainment,anime/manga,animewallpaper,12,0,12,0.0,1,0.0,0.0
entertainment,anime/manga,manga,33,0,33,0.0,2,0.0,0.0
entertainment,books/writing,books,108,2,106,2.5999999999999996,3,0.018518518518518517,0.02407407407407407
entertainment,books/writing,hfy,228,4,224,5.199999999999999,2,0.017543859649122806,0.022807017543859647
entertainment,books/writing,literature,12,0,12,0.0,1,0.0,0.0
entertainment,books/writing,poetry,12,2,10,2.5999999999999996,1,0.16666666666666666,0.21666666666666665
entertainment,books/writing,screenwriting,13,0,13,0.0,1,0.0,0.0
entertainment,books/writing,suggestmeabook,28,1,27,1.2999999999999998,2,0.03571428571428571,0.04642857142857142
entertainment,books/writing,writing,118,7,111,9.099999999999998,6,0.059322033898305086,0.07711864406779659
entertainment,books/writing,writingprompts,977,189,788,245.70000000000002,29,0.19344933469805528,0.25148413510747186
entertainment,comics,comicbooks,77,1,76,1.2999999999999996,4,0.012987012987012988,0.01688311688311688
entertainment,comics,marvel,114,3,111,3.8999999999999995,7,0.02631578947368421,0.03421052631578947
entertainment,comics,marvelstudios,107,1,106,1.2999999999999998,6,0.009345794392523364,0.012149532710280372
entertainment,dungeons and dragons,dmacademy,39,2,37,2.6,2,0.05128205128205128,0.06666666666666667
entertainment,dungeons and dragons,dnd,307,3,304,3.9000000000000004,6,0.009771986970684038,0.012703583061889252
entertainment,dungeons and dragons,dndbehindthescreen,81,3,78,3.8999999999999995,2,0.037037037037037035,0.04814814814814814
entertainment,dungeons and dragons,dndgreentext,13,1,12,1.3,1,0.07692307692307693,0.1
entertainment,dungeons and dragons,dndnext,182,4,178,5.199999999999999,2,0.02197802197802198,0.028571428571428567
entertainment,dungeons and dragons,dungeonsanddragons,30,1,29,1.2999999999999998,1,0.03333333333333333,0.04333333333333333
entertainment,game of thrones,asoiaf,144,5,139,6.5,3,0.034722222222222224,0.04513888888888889
entertainment,game of thrones,freefolk,81,14,67,18.2,3,0.1728395061728395,0.22469135802469134
entertainment,game of thrones,gameofthrones,95,0,95,0.0,3,0.0,0.0
entertainment,games,boardgames,32,1,31,1.3,2,0.03125,0.040625
entertainment,games,rpg,115,2,113,2.5999999999999996,4,0.017391304347826087,0.02260869565217391
entertainment,general,fantheories,57,2,55,2.5999999999999996,4,0.03508771929824561,0.045614035087719294
entertainment,individual anime/manga,hunterxhunter,15,0,15,0.0,1,0.0,0.0
entertainment,individual anime/manga,onepiece,16,3,13,3.9,1,0.1875,0.24375
entertainment,individual anime/manga,pokemon,84,3,81,3.8999999999999995,6,0.03571428571428571,0.04642857142857142
entertainment,individual anime/manga,shingekinokyojin,16,0,16,0.0,1,0.0,0.0
entertainment,individual books/stories/comics,arrow,46,2,44,2.5999999999999996,2,0.043478260869565216,0.056521739130434775
entertainment,individual books/stories/comics,dccomics,19,2,17,2.5999999999999996,1,0.10526315789473684,0.13684210526315788
entertainment,individual books/stories/comics,harrypotter,79,5,74,6.499999999999999,4,0.06329113924050633,0.08227848101265822
entertainment,individual books/stories/comics,kingkillerchronicle,18,0,18,0.0,1,0.0,0.0
entertainment,individual books/stories/comics,unexpectedhogwarts,310,21,289,27.300000000000004,13,0.06774193548387097,0.08806451612903227
entertainment,individual celebrities,joerogan,90,7,83,9.1,5,0.07777777777777778,0.10111111111111111
entertainment,individual celebrities,onetruegod,12,1,11,1.2999999999999998,1,0.08333333333333333,0.10833333333333332
entertainment,lord of the rings,lotr,35,0,35,0.0,2,0.0,0.0
entertainment,magic,magictcg,122,3,119,3.8999999999999995,4,0.02459016393442623,0.031967213114754096
entertainment,magic,modernmagic,40,0,40,0.0,1,0.0,0.0
gender,for men,askmen,58,2,56,2.6,2,0.034482758620689655,0.04482758620689655
gender,for men,bigdickproblems,13,2,11,2.6,1,0.15384615384615385,0.2
gender,for men,frugalmalefashion,71,0,71,0.0,3,0.0,0.0
gender,for men,malefashionadvice,335,0,335,0.0,6,0.0,0.0
gender,for men,mensrights,694,218,476,283.40000000000003,26,0.31412103746397696,0.4083573487031701
gender,for men,mgtow,353,57,296,74.1,18,0.16147308781869688,0.20991501416430594
gender,for women,askwomen,44,0,44,0.0,2,0.0,0.0
gender,for women,badwomensanatomy,174,30,144,39.0,8,0.1724137931034483,0.22413793103448276
gender,for women,femalefashionadvice,242,2,240,2.6,2,0.008264462809917356,0.010743801652892562
gender,for women,trollxchromosomes,15,3,12,3.9000000000000004,1,0.2,0.26
gender,for women,twoxchromosomes,29,4,25,5.199999999999999,2,0.13793103448275862,0.17931034482758618
gender,for women,xxfitness,50,5,45,6.5,1,0.1,0.13
general content,gifs,michaelbaygifs,14,1,13,1.2999999999999996,1,0.07142857142857142,0.09285714285714283
general content,gifs,perfectloops,15,0,15,0.0,1,0.0,0.0
general content,gifs,retiredgif,1380,51,1329,66.29999999999998,28,0.03695652173913044,0.048043478260869556
general content,images,misleadingthumbnails,28,0,28,0.0,2,0.0,0.0
general content,images,pareidolia,11,0,11,0.0,1,0.0,0.0
general content,images,photoshopbattles,17,1,16,1.2999999999999998,1,0.058823529411764705,0.07647058823529411
general content,images,pics,51,1,50,1.2999999999999998,3,0.0196078431372549,0.02549019607843137
general content,interesting,mildlyinteresting,34,4,30,5.2,2,0.11764705882352941,0.15294117647058825
general content,photoshop,photoshopbattles,17,1,16,1.2999999999999998,1,0.058823529411764705,0.07647058823529411
general content,redditors/selfies,rateme,28,2,26,2.599999999999999,2,0.07142857142857142,0.09285714285714283
general content,videos,videos,21,1,20,1.2999999999999998,1,0.047619047619047616,0.06190476190476189
hobbies/occupations,aquariums,aquariums,45,1,44,1.3,1,0.022222222222222223,0.02888888888888889
hobbies/occupations,aquariums,plantedtank,52,0,52,0.0,1,0.0,0.0
hobbies/occupations,automotive,autos,13,0,13,0.0,1,0.0,0.0
hobbies/occupations,automotive,cars,59,1,58,1.3,4,0.01694915254237288,0.022033898305084745
hobbies/occupations,automotive,motorcycles,25,3,22,3.8999999999999995,2,0.12,0.15599999999999997
hobbies/occupations,car companies,teslamotors,12,0,12,0.0,1,0.0,0.0
hobbies/occupations,coding,python,80,0,80,0.0,2,0.0,0.0
hobbies/occupations,combat,army,55,2,53,2.6,3,0.03636363636363636,0.04727272727272727
hobbies/occupations,combat,combatfootage,13,1,12,1.3,1,0.07692307692307693,0.1
hobbies/occupations,combat,military,74,7,67,9.100000000000001,3,0.0945945945945946,0.122972972972973
hobbies/occupations,design,crappydesign,14,3,11,3.8999999999999995,1,0.21428571428571427,0.2785714285714285
hobbies/occupations,design,web_design,30,0,30,0.0,1,0.0,0.0
hobbies/occupations,general,accounting,31,3,28,3.9000000000000004,2,0.0967741935483871,0.12580645161290324
hobbies/occupations,general,diwhy,23,5,18,6.499999999999999,1,0.21739130434782608,0.2826086956521739
hobbies/occupations,general,diy,35,0,35,0.0,2,0.0,0.0
hobbies/occupations,general,protectandserve,156,19,137,24.7,7,0.12179487179487179,0.15833333333333333
hobbies/occupations,general,somethingimade,12,0,12,0.0,1,0.0,0.0
hobbies/occupations,general,woodworking,49,1,48,1.3,2,0.02040816326530612,0.02653061224489796
hobbies/occupations,general,worldbuilding,71,3,68,3.8999999999999995,5,0.04225352112676056,0.05492957746478872
hobbies/occupations,guns,ar15,29,0,29,0.0,1,0.0,0.0
hobbies/occupations,guns,firearms,26,1,25,1.3,1,0.038461538461538464,0.05
hobbies/occupations,guns,guns,19,1,18,1.2999999999999998,1,0.05263157894736842,0.06842105263157894
hobbies/occupations,hiking,campingandhiking,12,0,12,0.0,1,0.0,0.0
hobbies/occupations,job finding,cscareerquestions,55,7,48,9.099999999999998,3,0.12727272727272726,0.1654545454545454
hobbies/occupations,job finding,forhire,13,0,13,0.0,1,0.0,0.0
hobbies/occupations,job finding,jobs,46,2,44,2.6,3,0.043478260869565216,0.05652173913043478
hobbies/occupations,music,edmproduction,141,0,141,0.0,6,0.0,0.0
hobbies/occupations,music,fl_studio,28,2,26,2.599999999999999,2,0.07142857142857142,0.09285714285714283
hobbies/occupations,music,wearethemusicmakers,90,1,89,1.2999999999999998,4,0.011111111111111112,0.014444444444444442
hobbies/occupations,outdoors,backpacking,12,1,11,1.2999999999999998,1,0.08333333333333333,0.10833333333333332
hobbies/occupations,outdoors,campinggear,14,0,14,0.0,1,0.0,0.0
hobbies/occupations,pc building,buildapc,1017,13,1004,16.900000000000006,12,0.012782694198623401,0.016617502458210427
hobbies/occupations,pc building,buildapcforme,191,4,187,5.2,3,0.020942408376963352,0.02722513089005236
hobbies/occupations,photography/film,filmmakers,57,1,56,1.2999999999999998,3,0.017543859649122806,0.022807017543859647
hobbies/occupations,photography/film,photography,36,0,36,0.0,3,0.0,0.0
hobbies/occupations,planes,aviation,28,0,28,0.0,2,0.0,0.0
hobbies/occupations,planes,flying,11,1,10,1.3,1,0.09090909090909091,0.11818181818181818
hobbies/occupations,tech related,compsci,18,0,18,0.0,1,0.0,0.0
hobbies/occupations,tech related,engineering,27,0,27,0.0,1,0.0,0.0
hobbies/occupations,tech related,mechanicalkeyboards,67,2,65,2.6,3,0.029850746268656716,0.03880597014925373
hobbies/occupations,tech related,programmerhumor,53,4,49,5.199999999999999,2,0.07547169811320754,0.0981132075471698
hobbies/occupations,tech related,sysadmin,158,1,157,1.2999999999999998,6,0.006329113924050633,0.008227848101265822
hobbies/occupations,tech related,webdev,117,2,115,2.5999999999999996,7,0.017094017094017096,0.02222222222222222
hobbies/occupations,tech support,talesfromtechsupport,12,1,11,1.2999999999999998,1,0.08333333333333333,0.10833333333333332
hobbies/occupations,tech support,techsupport,751,30,721,39.0,10,0.03994673768308921,0.05193075898801598
hobbies/occupations,travel,japantravel,11,0,11,0.0,1,0.0,0.0
hobbies/occupations,travel,solotravel,25,0,25,0.0,1,0.0,0.0
hobbies/occupations,travel,travel,69,0,69,0.0,5,0.0,0.0
hobbies/occupations,writing,screenwriting,13,0,13,0.0,1,0.0,0.0
hobbies/occupations,writing,writing,118,7,111,9.099999999999998,6,0.059322033898305086,0.07711864406779659
hobbies/occupations,writing,writingprompts,977,189,788,245.70000000000002,29,0.19344933469805528,0.25148413510747186
humor,breeds,pitbulls,11,1,10,1.3,1,0.09090909090909091,0.11818181818181818
humor,comedy,comedycemetery,63,11,52,14.3,2,0.1746031746031746,0.22698412698412698
humor,comedy,comedynecromancy,11,3,8,3.8999999999999995,1,0.2727272727272727,0.3545454545454545
humor,dogs,dogs,15,1,14,1.2999999999999998,1,0.06666666666666667,0.08666666666666666
humor,dogs,dogtraining,52,6,46,7.8,2,0.11538461538461539,0.15
humor,general humor,funny,309,18,291,23.400000000000002,10,0.05825242718446602,0.07572815533980583
humor,general humor,programmerhumor,53,4,49,5.199999999999999,2,0.07547169811320754,0.0981132075471698
humor,general humor,standupcomedy,11,0,11,0.0,1,0.0,0.0
humor,jokes,antijokes,18,0,18,0.0,1,0.0,0.0
humor,jokes,dadjokes,25,1,24,1.3,1,0.04,0.052000000000000005
humor,jokes,jokes,23,2,21,2.5999999999999996,1,0.08695652173913043,0.11304347826086955
humor,jokes,puns,30,0,30,0.0,2,0.0,0.0
lifestyle,3d printing,3dprinting,14,0,14,0.0,1,0.0,0.0
lifestyle,3d printing,functionalprint,21,0,21,0.0,1,0.0,0.0
lifestyle,alcohol,bourbon,66,0,66,0.0,1,0.0,0.0
lifestyle,alcohol,scotch,52,0,52,0.0,1,0.0,0.0
lifestyle,alcohol,stopdrinking,13,1,12,1.3,1,0.07692307692307693,0.1
lifestyle,android products,android,207,4,203,5.199999999999999,11,0.01932367149758454,0.0251207729468599
lifestyle,android products,androidapps,59,0,59,0.0,1,0.0,0.0
lifestyle,android products,androiddev,52,2,50,2.6,2,0.038461538461538464,0.05
lifestyle,android products,androidgaming,13,0,13,0.0,1,0.0,0.0
lifestyle,android products,oneplus,34,2,32,2.5999999999999996,1,0.058823529411764705,0.07647058823529411
lifestyle,apple products,apple,111,2,109,2.5999999999999996,5,0.018018018018018018,0.02342342342342342
lifestyle,apple products,ipad,400,0,400,0.0,17,0.0,0.0
lifestyle,apple products,iphone,57,1,56,1.2999999999999998,3,0.017543859649122806,0.022807017543859647
lifestyle,apple products,mac,12,0,12,0.0,1,0.0,0.0
lifestyle,atheism,atheism,435,73,362,94.9,11,0.167816091954023,0.2181609195402299
lifestyle,atheism,trueatheism,14,0,14,0.0,1,0.0,0.0
lifestyle,beer,homebrewing,12,0,12,0.0,1,0.0,0.0
lifestyle,betting/investing/stocks,investing,65,2,63,2.5999999999999996,4,0.03076923076923077,0.039999999999999994
lifestyle,betting/investing/stocks,millionairemakers,30,0,30,0.0,1,0.0,0.0
lifestyle,betting/investing/stocks,wallstreetbets,196,23,173,29.9,6,0.11734693877551021,0.15255102040816326
lifestyle,body image,asianbeauty,37,0,37,0.0,1,0.0,0.0
lifestyle,body image,skincareaddiction,56,1,55,1.3,2,0.017857142857142856,0.023214285714285715
lifestyle,body/diet,swoleacceptance,41,8,33,10.399999999999999,2,0.1951219512195122,0.2536585365853658
lifestyle,body/diet,tall,15,1,14,1.2999999999999998,1,0.06666666666666667,0.08666666666666666
lifestyle,body/diet,vegan,439,75,364,97.5,17,0.17084282460136674,0.22209567198177677
lifestyle,budget,eatcheapandhealthy,310,0,310,0.0,2,0.0,0.0
lifestyle,budget,frugal,16,0,16,0.0,1,0.0,0.0
lifestyle,budget,frugal_jerk,359,43,316,55.89999999999999,10,0.11977715877437325,0.1557103064066852
lifestyle,budget,frugalmalefashion,71,0,71,0.0,3,0.0,0.0
lifestyle,business tech,amd,131,4,127,5.199999999999999,6,0.030534351145038167,0.03969465648854961
lifestyle,business tech,nasa,12,0,12,0.0,1,0.0,0.0
lifestyle,business tech,nintendo,290,1,289,1.2999999999999998,11,0.0034482758620689655,0.004482758620689655
lifestyle,business tech,nvidia,113,2,111,2.6,6,0.017699115044247787,0.023008849557522124
lifestyle,business tech,spacex,11,0,11,0.0,1,0.0,0.0
lifestyle,christianity,catholicism,145,13,132,16.9,6,0.0896551724137931,0.11655172413793102
lifestyle,christianity,christianity,219,15,204,19.5,9,0.0684931506849315,0.08904109589041095
lifestyle,christianity,exmormon,339,35,304,45.49999999999999,13,0.10324483775811209,0.1342182890855457
lifestyle,communities,polyamory,38,6,32,7.799999999999999,2,0.15789473684210525,0.20526315789473681
lifestyle,communities,teachers,11,3,8,3.8999999999999995,1,0.2727272727272727,0.3545454545454545
lifestyle,communities,teenagers,49,9,40,11.700000000000001,1,0.1836734693877551,0.23877551020408166
lifestyle,communities,totallynotrobots,37,7,30,9.1,2,0.1891891891891892,0.24594594594594593
lifestyle,cooking,cooking,36,2,34,2.6,2,0.05555555555555555,0.07222222222222223
lifestyle,cooking,smoking,19,1,18,1.2999999999999998,1,0.05263157894736842,0.06842105263157894
lifestyle,cryptocurrency,bitcoin,1026,55,971,71.49999999999999,26,0.05360623781676413,0.06968810916179335
lifestyle,cryptocurrency,btc,309,24,285,31.2,10,0.07766990291262135,0.10097087378640776
lifestyle,cryptocurrency,cryptocurrency,429,7,422,9.099999999999998,12,0.016317016317016316,0.021212121212121206
lifestyle,cryptocurrency,dogecoin,640,30,610,38.99999999999999,17,0.046875,0.06093749999999999
lifestyle,cryptocurrency,ethereum,305,21,284,27.3,7,0.06885245901639345,0.08950819672131148
lifestyle,cryptocurrency,litecoin,329,18,311,23.400000000000002,7,0.0547112462006079,0.07112462006079028
lifestyle,data,datahoarder,26,1,25,1.3,1,0.038461538461538464,0.05
lifestyle,diet,leangains,20,1,19,1.3,1,0.05,0.065
lifestyle,diet,nutrition,14,1,13,1.2999999999999996,1,0.07142857142857142,0.09285714285714283
lifestyle,diet,vegetarian,36,2,34,2.6,2,0.05555555555555555,0.07222222222222223
lifestyle,diets,eatcheapandhealthy,310,0,310,0.0,2,0.0,0.0
lifestyle,diets,ketorecipes,24,0,24,0.0,1,0.0,0.0
lifestyle,diets,vegan,439,75,364,97.5,17,0.17084282460136674,0.22209567198177677
lifestyle,digital currency,bitcoin,1026,55,971,71.49999999999999,26,0.05360623781676413,0.06968810916179335
lifestyle,digital currency,bitcoinmarkets,194,10,184,13.0,2,0.05154639175257732,0.06701030927835051
lifestyle,digital currency,btc,309,24,285,31.2,10,0.07766990291262135,0.10097087378640776
lifestyle,digital currency,cryptocurrency,429,7,422,9.099999999999998,12,0.016317016317016316,0.021212121212121206
lifestyle,digital currency,dogecoin,640,30,610,38.99999999999999,17,0.046875,0.06093749999999999
lifestyle,digital currency,ethereum,305,21,284,27.3,7,0.06885245901639345,0.08950819672131148
lifestyle,digital currency,ethtrader,308,20,288,25.999999999999996,6,0.06493506493506493,0.0844155844155844
lifestyle,digital currency,litecoin,329,18,311,23.400000000000002,7,0.0547112462006079,0.07112462006079028
lifestyle,digital currency,monero,104,8,96,10.399999999999999,4,0.07692307692307693,0.09999999999999999
lifestyle,exercise,backpacking,12,1,11,1.2999999999999998,1,0.08333333333333333,0.10833333333333332
lifestyle,exercise,bicycling,14,0,14,0.0,1,0.0,0.0
lifestyle,exercise,bjj,28,3,25,3.8999999999999995,1,0.10714285714285714,0.13928571428571426
lifestyle,exercise,yoga,12,0,12,0.0,1,0.0,0.0
lifestyle,exercise/health,getmotivated,74,8,66,10.399999999999999,3,0.10810810810810811,0.14054054054054052
lifestyle,exercise/health,health,11,1,10,1.3,1,0.09090909090909091,0.11818181818181818
lifestyle,exercise/health,medicine,50,0,50,0.0,1,0.0,0.0
lifestyle,family,childfree,230,40,190,51.999999999999986,9,0.17391304347826086,0.22608695652173907
lifestyle,family,justnofamily,16,4,12,5.2,1,0.25,0.325
lifestyle,family,justnomil,19,5,14,6.499999999999999,1,0.2631578947368421,0.3421052631578947
lifestyle,family,raisedbynarcissists,223,41,182,53.300000000000004,9,0.18385650224215247,0.23901345291479822
lifestyle,fashion,designerreps,29,0,29,0.0,1,0.0,0.0
lifestyle,fashion,fashionreps,116,2,114,2.6,3,0.017241379310344827,0.022413793103448276
lifestyle,fashion,femalefashionadvice,242,2,240,2.6,2,0.008264462809917356,0.010743801652892562
lifestyle,fashion,frugalmalefashion,71,0,71,0.0,3,0.0,0.0
lifestyle,fashion,malefashionadvice,335,0,335,0.0,6,0.0,0.0
lifestyle,fashion,streetwear,111,6,105,7.799999999999999,4,0.05405405405405406,0.07027027027027026
lifestyle,fashion,supremeclothing,18,1,17,1.3,1,0.05555555555555555,0.07222222222222223
lifestyle,food,food,12,1,11,1.2999999999999998,1,0.08333333333333333,0.10833333333333332
lifestyle,food,nutrition,14,1,13,1.2999999999999996,1,0.07142857142857142,0.09285714285714283
lifestyle,food,shittyfoodporn,26,8,18,10.4,1,0.3076923076923077,0.4
lifestyle,gadgets,arduino,12,0,12,0.0,1,0.0,0.0
lifestyle,gadgets,raspberry_pi,46,0,46,0.0,3,0.0,0.0
lifestyle,gadgets,retropie,19,0,19,0.0,1,0.0,0.0
lifestyle,general,lifeprotips,20,3,17,3.9000000000000004,1,0.15,0.195
lifestyle,google products,chromecast,13,0,13,0.0,1,0.0,0.0
lifestyle,google products,google,15,0,15,0.0,1,0.0,0.0
lifestyle,google products,googlepixel,19,1,18,1.2999999999999998,1,0.05263157894736842,0.06842105263157894
lifestyle,hardware,hardware,73,2,71,2.5999999999999996,3,0.0273972602739726,0.035616438356164376
lifestyle,home,homeautomation,11,0,11,0.0,1,0.0,0.0
lifestyle,home,homeimprovement,18,1,17,1.3,1,0.05555555555555555,0.07222222222222223
lifestyle,home,homelab,78,0,78,0.0,3,0.0,0.0
lifestyle,home,hometheater,13,0,13,0.0,1,0.0,0.0
lifestyle,keto,keto,239,7,232,9.099999999999998,6,0.029288702928870293,0.038075313807531375
lifestyle,keto,ketogains,38,0,38,0.0,1,0.0,0.0
lifestyle,keto,ketorecipes,24,0,24,0.0,1,0.0,0.0
lifestyle,lgbt,actuallesbians,13,2,11,2.6,1,0.15384615384615385,0.2
lifestyle,lgbt,ainbow,19,1,18,1.2999999999999998,1,0.05263157894736842,0.06842105263157894
lifestyle,lgbt,askgaybros,58,9,49,11.7,3,0.15517241379310345,0.20172413793103447
lifestyle,lgbt,gay,38,2,36,2.5999999999999996,3,0.05263157894736842,0.06842105263157894
lifestyle,lgbt,gaybros,75,1,74,1.2999999999999998,4,0.013333333333333334,0.017333333333333333
lifestyle,lgbt,lgbt,38,3,35,3.9,3,0.07894736842105263,0.10263157894736842
lifestyle,lifting/weights,bodybuilding,49,3,46,3.9,1,0.061224489795918366,0.07959183673469387
lifestyle,lifting/weights,powerlifting,93,13,80,16.900000000000002,2,0.13978494623655913,0.1817204301075269
lifestyle,lifting/weights,weightroom,57,0,57,0.0,2,0.0,0.0
lifestyle,linux,archlinux,14,1,13,1.2999999999999996,1,0.07142857142857142,0.09285714285714283
lifestyle,linux,linux,37,0,37,0.0,3,0.0,0.0
lifestyle,linux,linux4noobs,52,1,51,1.3,3,0.019230769230769232,0.025
lifestyle,linux,linux_gaming,96,1,95,1.2999999999999998,6,0.010416666666666666,0.013541666666666665
lifestyle,linux,linuxmasterrace,208,8,200,10.399999999999999,6,0.038461538461538464,0.049999999999999996
lifestyle,marijuana,eldertrees,16,1,15,1.2999999999999998,1,0.0625,0.08124999999999999
lifestyle,marijuana,marijuana,27,0,27,0.0,2,0.0,0.0
lifestyle,marijuana,microgrowery,12,0,12,0.0,1,0.0,0.0
lifestyle,marijuana,trees,329,24,305,31.200000000000003,14,0.0729483282674772,0.09483282674772037
lifestyle,mental,luciddreaming,13,0,13,0.0,1,0.0,0.0
lifestyle,mental,mentalhealth,11,2,9,2.6,1,0.18181818181818182,0.23636363636363636
lifestyle,mental,psychonaut,97,2,95,2.6,5,0.020618556701030927,0.026804123711340208
lifestyle,microsoft products,surface,32,0,32,0.0,2,0.0,0.0
lifestyle,microsoft products,windows,36,0,36,0.0,2,0.0,0.0
lifestyle,microsoft products,windows10,142,2,140,2.5999999999999996,7,0.014084507042253521,0.018309859154929574
lifestyle,money,beermoney,24,0,24,0.0,2,0.0,0.0
lifestyle,money,churning,16,0,16,0.0,1,0.0,0.0
lifestyle,money,entrepreneur,148,5,143,6.5,4,0.033783783783783786,0.04391891891891892
lifestyle,money,financialindependence,47,4,43,5.199999999999999,2,0.0851063829787234,0.1106382978723404
lifestyle,money,flipping,11,1,10,1.3,1,0.09090909090909091,0.11818181818181818
lifestyle,money,personalfinance,128,4,124,5.2,7,0.03125,0.040625
lifestyle,money,personalfinancecanada,30,1,29,1.2999999999999998,1,0.03333333333333333,0.04333333333333333
lifestyle,money,realestate,32,2,30,2.5999999999999996,2,0.0625,0.08124999999999999
lifestyle,money,startups,155,6,149,7.8,3,0.03870967741935484,0.05032258064516129
lifestyle,online relationships,longdistance,25,2,23,2.6,1,0.08,0.10400000000000001
lifestyle,online relationships,okcupid,11,0,11,0.0,1,0.0,0.0
lifestyle,other drugs,dmt,15,1,14,1.2999999999999998,1,0.06666666666666667,0.08666666666666666
lifestyle,other drugs,drugs,126,13,113,16.9,6,0.10317460317460317,0.13412698412698412
lifestyle,other drugs,electronic_cigarette,84,5,79,6.499999999999999,5,0.05952380952380952,0.07738095238095237
lifestyle,other drugs,lsd,45,4,41,5.2,1,0.08888888888888889,0.11555555555555556
lifestyle,other drugs,nootropics,15,0,15,0.0,1,0.0,0.0
lifestyle,other drugs,stonerengineering,15,0,15,0.0,1,0.0,0.0
lifestyle,other drugs,vaping,63,1,62,1.2999999999999998,1,0.015873015873015872,0.02063492063492063
lifestyle,other drugs,vaporents,22,1,21,1.3,1,0.045454545454545456,0.05909090909090909
lifestyle,parenting,babybumps,12,2,10,2.5999999999999996,1,0.16666666666666666,0.21666666666666665
lifestyle,philosophy,askphilosophy,83,7,76,9.1,2,0.08433734939759036,0.10963855421686747
lifestyle,physical,fitness,185,9,176,11.7,9,0.04864864864864865,0.06324324324324324
lifestyle,physical,xxfitness,50,5,45,6.5,1,0.1,0.13
lifestyle,programming,javascript,26,0,26,0.0,2,0.0,0.0
lifestyle,programming,learnprogramming,153,1,152,1.3,8,0.006535947712418301,0.008496732026143792
lifestyle,programming,learnpython,176,3,173,3.8999999999999995,6,0.017045454545454544,0.022159090909090906
lifestyle,programming,programming,314,4,310,5.2,18,0.012738853503184714,0.016560509554140127
lifestyle,programming,python,80,0,80,0.0,2,0.0,0.0
lifestyle,programming,unity3d,123,0,123,0.0,3,0.0,0.0
lifestyle,progress pictures,progresspics,20,1,19,1.3,1,0.05,0.065
lifestyle,recipes,recipes,28,0,28,0.0,2,0.0,0.0
lifestyle,relationships,breakups,12,3,9,3.9000000000000004,1,0.25,0.325
lifestyle,relationships,dating_advice,13,0,13,0.0,1,0.0,0.0
lifestyle,relationships,relationship_advice,93,11,82,14.3,4,0.11827956989247312,0.15376344086021507
lifestyle,relationships,relationships,240,45,195,58.5,9,0.1875,0.24375
lifestyle,relationships/sex,socialskills,12,1,11,1.2999999999999998,1,0.08333333333333333,0.10833333333333332
lifestyle,religion/beliefs,buddhism,23,1,22,1.2999999999999998,1,0.043478260869565216,0.056521739130434775
lifestyle,religion/beliefs,occult,30,0,30,0.0,2,0.0,0.0
lifestyle,religion/beliefs,psychonaut,97,2,95,2.6,5,0.020618556701030927,0.026804123711340208
lifestyle,running,c25k,28,0,28,0.0,2,0.0,0.0
lifestyle,running,running,27,2,25,2.5999999999999996,2,0.07407407407407407,0.09629629629629628
lifestyle,self-improvement,decidingtobebetter,98,0,98,0.0,5,0.0,0.0
lifestyle,self-improvement,getdisciplined,22,0,22,0.0,2,0.0,0.0
lifestyle,self-improvement,getmotivated,74,8,66,10.399999999999999,3,0.10810810810810811,0.14054054054054052
lifestyle,self-improvement,productivity,16,0,16,0.0,1,0.0,0.0
lifestyle,sex,deadbedrooms,63,9,54,11.7,3,0.14285714285714285,0.1857142857142857
lifestyle,sex,nofap,177,15,162,19.500000000000004,9,0.0847457627118644,0.11016949152542375
lifestyle,sex,polyamory,38,6,32,7.799999999999999,2,0.15789473684210525,0.20526315789473681
lifestyle,sex,seduction,14,0,14,0.0,1,0.0,0.0
lifestyle,sex,sex,45,8,37,10.399999999999999,2,0.17777777777777778,0.23111111111111107
lifestyle,shoes,goodyearwelt,104,2,102,2.5999999999999996,5,0.019230769230769232,0.024999999999999998
lifestyle,shoes,repsneakers,111,6,105,7.799999999999999,2,0.05405405405405406,0.07027027027027026
lifestyle,sound,audioengineering,24,2,22,2.5999999999999996,2,0.08333333333333333,0.10833333333333332
lifestyle,sound,audiophile,33,1,32,1.2999999999999998,2,0.030303030303030304,0.03939393939393939
lifestyle,sound,headphones,22,0,22,0.0,1,0.0,0.0
lifestyle,specific food,bbq,14,0,14,0.0,1,0.0,0.0
lifestyle,technology,buildapc,1017,13,1004,16.900000000000006,12,0.012782694198623401,0.016617502458210427
lifestyle,technology,compsci,18,0,18,0.0,1,0.0,0.0
lifestyle,technology,engineering,27,0,27,0.0,1,0.0,0.0
lifestyle,technology,futurology,61,0,61,0.0,2,0.0,0.0
lifestyle,technology,gamedev,117,3,114,3.8999999999999995,6,0.02564102564102564,0.033333333333333326
lifestyle,technology,infographics,12,0,12,0.0,1,0.0,0.0
lifestyle,technology,jailbreak,89,1,88,1.2999999999999998,2,0.011235955056179775,0.014606741573033705
lifestyle,technology,networking,29,0,29,0.0,1,0.0,0.0
lifestyle,technology,opensource,16,0,16,0.0,1,0.0,0.0
lifestyle,technology,pcmasterrace,476,17,459,22.099999999999998,14,0.03571428571428571,0.04642857142857142
lifestyle,technology,php,11,0,11,0.0,1,0.0,0.0
lifestyle,technology,privacy,42,1,41,1.3,2,0.023809523809523808,0.030952380952380953
lifestyle,technology,talesfromtechsupport,12,1,11,1.2999999999999998,1,0.08333333333333333,0.10833333333333332
lifestyle,technology,technology,121,7,114,9.099999999999998,6,0.05785123966942149,0.07520661157024791
lifestyle,technology,virtualreality,90,1,89,1.2999999999999998,2,0.011111111111111112,0.014444444444444442
lifestyle,transgender,asktransgender,29,6,23,7.8,2,0.20689655172413793,0.2689655172413793
lifestyle,weight/body shape control,bodyweightfitness,66,0,66,0.0,2,0.0,0.0
lifestyle,weight/body shape control,flexibility,13,0,13,0.0,1,0.0,0.0
lifestyle,weight/body shape control,gainit,79,1,78,1.2999999999999998,1,0.012658227848101266,0.016455696202531643
lifestyle,weight/body shape control,loseit,85,9,76,11.7,3,0.10588235294117647,0.1376470588235294
lifestyle,weight/body shape control,swoleacceptance,41,8,33,10.399999999999999,2,0.1951219512195122,0.2536585365853658
music,artists,beatles,16,0,16,0.0,1,0.0,0.0
music,artists,eminem,25,1,24,1.2999999999999998,2,0.04,0.05199999999999999
music,artists,frankocean,12,1,11,1.2999999999999998,1,0.08333333333333333,0.10833333333333332
music,artists,kanye,73,5,68,6.499999999999998,3,0.0684931506849315,0.08904109589041094
music,artists,pinkfloyd,12,0,12,0.0,1,0.0,0.0
music,artists,radiohead,12,0,12,0.0,1,0.0,0.0
music,electronic,edm,67,0,67,0.0,1,0.0,0.0
music,electronic,edmproduction,141,0,141,0.0,6,0.0,0.0
music,electronic,electronicmusic,59,0,59,0.0,3,0.0,0.0
music,general music,listentothis,26,0,26,0.0,2,0.0,0.0
music,general music,music,292,5,287,6.499999999999999,9,0.017123287671232876,0.022260273972602735
music,general music,vinyl,15,0,15,0.0,1,0.0,0.0
music,general music,wearethemusicmakers,90,1,89,1.2999999999999998,4,0.011111111111111112,0.014444444444444442
music,genres,indieheads,45,0,45,0.0,2,0.0,0.0
music,genres,trap,23,0,23,0.0,1,0.0,0.0
music,hip hop,hiphopheads,114,6,108,7.8,4,0.05263157894736842,0.06842105263157895
music,metal,metal,21,2,19,2.5999999999999996,1,0.09523809523809523,0.12380952380952379
news/politics,alt-right,hillaryforprison,113,9,104,11.7,5,0.07964601769911504,0.10353982300884955
news/politics,alt-right,the_donald,1158,219,939,284.7000000000001,45,0.18911917098445596,0.24585492227979283
news/politics,alt-right,wikileaks,41,0,41,0.0,2,0.0,0.0
news/politics,anti-trump,enoughtrumpspam,189,41,148,53.300000000000004,9,0.21693121693121692,0.28201058201058204
news/politics,anti-trump,marchagainsttrump,13,2,11,2.6,1,0.15384615384615385,0.2
news/politics,capitalism,anarcho_capitalism,1168,146,1022,189.80000000000004,30,0.125,0.16250000000000003
news/politics,capitalism,latestagecapitalism,516,79,437,102.7,20,0.15310077519379844,0.199031007751938
news/politics,gender politics,feminism,12,1,11,1.2999999999999998,1,0.08333333333333333,0.10833333333333332
news/politics,gender politics,mensrights,694,218,476,283.40000000000003,26,0.31412103746397696,0.4083573487031701
news/politics,left,democrats,46,1,45,1.2999999999999998,3,0.021739130434782608,0.028260869565217388
news/politics,left,fuckthealtright,19,6,13,7.799999999999998,1,0.3157894736842105,0.4105263157894736
news/politics,left,liberal,12,0,12,0.0,1,0.0,0.0
news/politics,left,political_revolution,50,2,48,2.5999999999999996,2,0.04,0.05199999999999999
news/politics,left,sandersforpresident,203,14,189,18.2,7,0.06896551724137931,0.0896551724137931
news/politics,news,energy,13,0,13,0.0,1,0.0,0.0
news/politics,news,floridaman,23,7,16,9.1,1,0.30434782608695654,0.39565217391304347
news/politics,news,news,97,4,93,5.2,4,0.041237113402061855,0.053608247422680416
news/politics,news,nottheonion,50,1,49,1.2999999999999998,2,0.02,0.025999999999999995
news/politics,news,syriancivilwar,25,2,23,2.6,2,0.08,0.10400000000000001
news/politics,news,worldnews,39,1,38,1.3,2,0.02564102564102564,0.03333333333333333
news/politics,politics,anarchism,362,45,317,58.49999999999999,13,0.12430939226519337,0.16160220994475136
news/politics,politics,chapotraphouse,18,3,15,3.8999999999999995,1,0.16666666666666666,0.21666666666666665
news/politics,politics,communism,18,1,17,1.3,1,0.05555555555555555,0.07222222222222223
news/politics,politics,completeanarchy,31,5,26,6.499999999999999,1,0.16129032258064516,0.2096774193548387
news/politics,politics,conservative,80,15,65,19.5,4,0.1875,0.24375
news/politics,politics,libertarian,442,92,350,119.6,16,0.2081447963800905,0.27058823529411763
news/politics,politics,neutralpolitics,14,0,14,0.0,1,0.0,0.0
news/politics,politics,politicaldiscussion,23,0,23,0.0,1,0.0,0.0
news/politics,politics,politics,234,8,226,10.399999999999999,8,0.03418803418803419,0.04444444444444444
news/politics,politics,socialism,487,66,421,85.79999999999998,21,0.13552361396303902,0.17618069815195067
news/politics,politics,ukpolitics,67,4,63,5.199999999999999,3,0.05970149253731343,0.07761194029850745
news/politics,politics,worldpolitics,114,17,97,22.1,4,0.14912280701754385,0.19385964912280704
other,angering,bad_cop_no_donut,74,18,56,23.4,2,0.24324324324324326,0.3162162162162162
other,angering,crappydesign,14,3,11,3.8999999999999995,1,0.21428571428571427,0.2785714285714285
other,angering,mildlyinfuriating,38,6,32,7.8,2,0.15789473684210525,0.20526315789473684
other,called out,nothingeverhappens,137,19,118,24.7,6,0.1386861313868613,0.1802919708029197
other,called out,quityourbullshit,216,61,155,79.3,7,0.2824074074074074,0.36712962962962964
other,called out,thathappened,577,135,442,175.49999999999997,17,0.2339688041594454,0.30415944540727896
other,called out,topmindsofreddit,905,195,710,253.50000000000003,28,0.2154696132596685,0.2801104972375691
other,conspiracy,conspiracy,2235,409,1826,531.6999999999999,57,0.18299776286353467,0.23789709172259504
other,conspiracy,conspiratard,473,102,371,132.6,17,0.2156448202959831,0.280338266384778
other,conspiracy,karmaconspiracy,377,101,276,131.29999999999998,12,0.26790450928381965,0.3482758620689655
other,conspiracy,scp,84,1,83,1.2999999999999998,5,0.011904761904761904,0.015476190476190473
other,conspiracy,skeptic,57,5,52,6.499999999999998,3,0.08771929824561403,0.11403508771929821
other,conspiracy,ufos,13,0,13,0.0,1,0.0,0.0
other,creepy,creepy,87,5,82,6.499999999999999,4,0.05747126436781609,0.07471264367816091
other,creepy,creepypasta,26,2,24,2.6,2,0.07692307692307693,0.1
other,cringe,cringe,61,5,56,6.5,4,0.08196721311475409,0.10655737704918032
other,cringe,fatlogic,35,5,30,6.499999999999999,2,0.14285714285714285,0.1857142857142857
other,cringe,lewronggeneration,141,20,121,26.0,6,0.14184397163120568,0.18439716312056736
other,cute,aww,54,2,52,2.5999999999999996,4,0.037037037037037035,0.04814814814814814
other,cute,cats,21,0,21,0.0,1,0.0,0.0
other,cute,dogs,15,1,14,1.2999999999999998,1,0.06666666666666667,0.08666666666666666
other,disgusting/angering/scary/weird (note: potentially nsfl),wtf,77,8,69,10.4,4,0.1038961038961039,0.13506493506493508
other,edgy,imgoingtohellforthis,92,9,83,11.7,5,0.09782608695652174,0.12717391304347825
other,ex 50k+,csgobetting,39,0,39,0.0,1,0.0,0.0
other,ex 50k+,mindcrack,21,0,21,0.0,1,0.0,0.0
other,ex 50k+,twitchplayspokemon,123,6,117,7.800000000000001,3,0.04878048780487805,0.06341463414634146
other,i am very,iamverysmart,201,16,185,20.799999999999997,9,0.07960199004975124,0.1034825870646766
other,neckbeard,humblebrag,39,6,33,7.799999999999998,2,0.15384615384615385,0.19999999999999996
other,neckbeard,justneckbeardthings,76,7,69,9.1,3,0.09210526315789473,0.11973684210526316
other,neckbeard,niceguys,15,4,11,5.199999999999999,1,0.26666666666666666,0.3466666666666666
other,nostalgia/time,vinyl,15,0,15,0.0,1,0.0,0.0
other,parodies,firstworldanarchists,59,8,51,10.399999999999999,3,0.13559322033898305,0.17627118644067793
other,parodies,hailcorporate,3693,279,3414,362.7000000000002,82,0.07554833468724614,0.09821283509342005
other,parodies,im14andthisisdeep,76,4,72,5.199999999999999,3,0.05263157894736842,0.06842105263157894
other,parodies,outside,23,0,23,0.0,1,0.0,0.0
other,scary (potentially nsfl),glitch_in_the_matrix,17,1,16,1.2999999999999998,1,0.058823529411764705,0.07647058823529411
other,scary (potentially nsfl),horror,63,2,61,2.6,3,0.031746031746031744,0.04126984126984127
other,scary (potentially nsfl),morbidreality,17,5,12,6.5,1,0.29411764705882354,0.38235294117647056
other,scary (potentially nsfl),paranormal,53,1,52,1.3,3,0.018867924528301886,0.024528301886792454
other,sfwporn network,justiceporn,12,3,9,3.9000000000000004,1,0.25,0.325
other,shitty,crappydesign,14,3,11,3.8999999999999995,1,0.21428571428571427,0.2785714285714285
other,shitty,shitpost,5441,1062,4379,1380.6000000000001,104,0.1951847086932549,0.2537401213012314
other,shitty,shittyaskscience,196,19,177,24.7,8,0.09693877551020408,0.1260204081632653
other,shitty,shittyfoodporn,26,8,18,10.4,1,0.3076923076923077,0.4
other,shitty,shittylifeprotips,81,22,59,28.599999999999994,2,0.2716049382716049,0.35308641975308636
other,unexpected,misleadingthumbnails,28,0,28,0.0,2,0.0,0.0
other,unexpected,unexpected,205,20,185,26.0,7,0.0975609756097561,0.12682926829268293
other,unexpected,unexpectedhogwarts,310,21,289,27.300000000000004,13,0.06774193548387097,0.08806451612903227
other,visually appealing,oddlysatisfying,30,0,30,0.0,1,0.0,0.0
other,visually appealing,perfectloops,15,0,15,0.0,1,0.0,0.0
other,water is scary,thalassophobia,13,0,13,0.0,1,0.0,0.0
other,weird feelings/categorize later,collapse,162,4,158,5.2,9,0.024691358024691357,0.03209876543209877
other,weird feelings/categorize later,lostgeneration,41,2,39,2.6,3,0.04878048780487805,0.06341463414634146
other,weird feelings/categorize later,mandelaeffect,28,0,28,0.0,2,0.0,0.0
other,weird feelings/categorize later,mildlypenis,11,0,11,0.0,1,0.0,0.0
other,weird feelings/categorize later,notinteresting,13,0,13,0.0,1,0.0,0.0
other,weird feelings/categorize later,unbgbbiivchidctiicbg,16,1,15,1.2999999999999998,1,0.0625,0.08124999999999999
regional,africa,southafrica,14,0,14,0.0,1,0.0,0.0
regional,apps,redditsync,70,1,69,1.3,4,0.014285714285714285,0.018571428571428572
regional,asia,china,40,1,39,1.3,2,0.025,0.0325
regional,asia,india,270,18,252,23.399999999999995,9,0.06666666666666667,0.08666666666666664
regional,asia,philippines,80,8,72,10.4,4,0.1,0.13
regional,asia,singapore,38,1,37,1.3,2,0.02631578947368421,0.034210526315789476
regional,california,bayarea,12,0,12,0.0,1,0.0,0.0
regional,california,losangeles,18,0,18,0.0,1,0.0,0.0
regional,canada,calgary,15,1,14,1.2999999999999998,1,0.06666666666666667,0.08666666666666666
regional,canada,canada,92,2,90,2.5999999999999996,5,0.021739130434782608,0.028260869565217388
regional,canada,canadapolitics,26,0,26,0.0,1,0.0,0.0
regional,canada,personalfinancecanada,30,1,29,1.2999999999999998,1,0.03333333333333333,0.04333333333333333
regional,canada,toronto,20,1,19,1.3,1,0.05,0.065
regional,canada,vancouver,16,0,16,0.0,1,0.0,0.0
regional,circlejerks,circlejerk,408,58,350,75.39999999999999,18,0.14215686274509803,0.18480392156862743
regional,circlejerks,diwhy,23,5,18,6.499999999999999,1,0.21739130434782608,0.2826086956521739
regional,circlejerks,frugal_jerk,359,43,316,55.89999999999999,10,0.11977715877437325,0.1557103064066852
regional,circlejerks,moviescirclejerk,755,134,621,174.2,17,0.17748344370860927,0.23072847682119205
regional,drama,drama,3470,1404,2066,1825.2000000000003,109,0.4046109510086455,0.5259942363112393
regional,drama,subredditdrama,21332,7003,14329,9103.899999999998,466,0.32828614288393027,0.42677198574910924
regional,europe,austria,13,0,13,0.0,1,0.0,0.0
regional,europe,denmark,31,0,31,0.0,2,0.0,0.0
regional,europe,europe,73,6,67,7.799999999999999,5,0.0821917808219178,0.10684931506849314
regional,europe,ireland,66,5,61,6.5,4,0.07575757575757576,0.09848484848484848
regional,europe,italy,253,0,253,0.0,13,0.0,0.0
regional,europe,polska,12,0,12,0.0,1,0.0,0.0
regional,europe,romania,116,1,115,1.3,6,0.008620689655172414,0.011206896551724138
regional,europe,scotland,60,0,60,0.0,4,0.0,0.0
regional,europe,thenetherlands,136,0,136,0.0,9,0.0,0.0
regional,florida,floridaman,23,7,16,9.1,1,0.30434782608695654,0.39565217391304347
regional,france,france,187,0,187,0.0,9,0.0,0.0
regional,germany,de,238,9,229,11.7,10,0.037815126050420166,0.04915966386554622
regional,germany,germany,31,0,31,0.0,1,0.0,0.0
regional,japan,japantravel,11,0,11,0.0,1,0.0,0.0
regional,looking for something,tipofmytongue,128,10,118,13.0,5,0.078125,0.1015625
regional,meta,beetlejuicing,550,48,502,62.4,17,0.08727272727272728,0.11345454545454545
regional,meta,evenwithcontext,1448,456,992,592.8,36,0.3149171270718232,0.40939226519337013
regional,meta,museumofreddit,45,5,40,6.499999999999999,2,0.1111111111111111,0.14444444444444443
regional,meta,outoftheloop,1044,89,955,115.69999999999996,34,0.08524904214559387,0.11082375478927199
regional,meta,theoryofreddit,55,6,49,7.8,3,0.10909090909090909,0.14181818181818182
regional,meta,threadkillers,240,3,237,3.8999999999999995,4,0.0125,0.016249999999999997
regional,mexico,mexico,32,1,31,1.2999999999999998,2,0.03125,0.040624999999999994
regional,mind blowing,frisson,155,21,134,27.299999999999994,6,0.13548387096774195,0.17612903225806448
regional,mind blowing,woahdude,33,3,30,3.9000000000000004,2,0.09090909090909091,0.1181818181818182
regional,negative,againsthatesubreddits,300,85,215,110.49999999999999,12,0.2833333333333333,0.3683333333333333
regional,negative,jesuschristreddit,586,79,507,102.69999999999999,23,0.1348122866894198,0.1752559726962457
regional,negative,karmaconspiracy,377,101,276,131.29999999999998,12,0.26790450928381965,0.3482758620689655
regional,negative,karmacourt,322,82,240,106.6,10,0.2546583850931677,0.331055900621118
regional,negative,shitamericanssay,4387,567,3820,737.0999999999997,109,0.12924549806245725,0.16801914748119437
regional,negative,shitredditsays,6071,817,5254,1062.1,136,0.1345742052380168,0.17494646680942183
regional,negative,titlegore,5045,6,5039,7.8,157,0.0011892963330029733,0.0015460852329038652
regional,negative,undelete,294,54,240,70.2,8,0.1836734693877551,0.23877551020408164
regional,oceania,australia,60,4,56,5.199999999999999,3,0.06666666666666667,0.08666666666666666
regional,oceania,melbourne,18,0,18,0.0,1,0.0,0.0
regional,oceania,newzealand,57,7,50,9.099999999999998,4,0.12280701754385964,0.1596491228070175
regional,oceania,sydney,15,0,15,0.0,1,0.0,0.0
regional,positive,bestof,16842,2751,14091,3576.3,430,0.1633416458852868,0.21234413965087282
regional,positive,bestoflegaladvice,64,20,44,26.0,1,0.3125,0.40625
regional,positive,depthhub,1104,139,965,180.70000000000002,33,0.12590579710144928,0.16367753623188408
regional,positive,redditsings,20,0,20,0.0,1,0.0,0.0
regional,south america,argentina,61,0,61,0.0,3,0.0,0.0
regional,south america,brasil,153,0,153,0.0,8,0.0,0.0
regional,subreddits,findareddit,73,6,67,7.799999999999999,3,0.0821917808219178,0.10684931506849314
regional,subreddits,subredditoftheday,13,1,12,1.3,1,0.07692307692307693,0.1
regional,sweden,svenskpolitik,13,0,13,0.0,1,0.0,0.0
regional,sweden,swarje,12,0,12,0.0,1,0.0,0.0
regional,sweden,sweden,109,1,108,1.2999999999999998,7,0.009174311926605505,0.011926605504587155
regional,united kingdom,ukpolitics,67,4,63,5.199999999999999,3,0.05970149253731343,0.07761194029850745
regional,united kingdom,unitedkingdom,172,2,170,2.5999999999999996,8,0.011627906976744186,0.01511627906976744
regional,usa: united states of america,murica,148,24,124,31.199999999999996,6,0.16216216216216217,0.2108108108108108
regional,usa: united states of america,nyc,12,2,10,2.5999999999999996,1,0.16666666666666666,0.21666666666666665
regional,washington,seattle,13,0,13,0.0,1,0.0,0.0
regional,washington,seattlewa,32,2,30,2.5999999999999996,1,0.0625,0.08124999999999999
sports,american football,cfb,29,0,29,0.0,2,0.0,0.0
sports,american football,fantasyfootball,54,0,54,0.0,1,0.0,0.0
sports,american football,nfl,194,6,188,7.8,9,0.030927835051546393,0.040206185567010305
sports,american football teams,eagles,91,3,88,3.9000000000000004,2,0.03296703296703297,0.042857142857142864
sports,american football teams,greenbaypackers,123,6,117,7.799999999999999,3,0.04878048780487805,0.06341463414634145
sports,american football teams,losangelesrams,16,0,16,0.0,1,0.0,0.0
sports,american football teams,minnesotavikings,114,7,107,9.099999999999998,1,0.06140350877192982,0.07982456140350876
sports,american football teams,patriots,87,3,84,3.9,1,0.034482758620689655,0.04482758620689655
sports,animated,futurama,17,0,17,0.0,1,0.0,0.0
sports,animated,gravityfalls,15,2,13,2.5999999999999996,1,0.13333333333333333,0.1733333333333333
sports,animated,mylittlepony,16,2,14,2.5999999999999996,1,0.125,0.16249999999999998
sports,animated,pokemon,84,3,81,3.8999999999999995,6,0.03571428571428571,0.04642857142857142
sports,animated,rickandmorty,79,7,72,9.100000000000001,5,0.08860759493670886,0.11518987341772154
sports,animated,stevenuniverse,43,2,41,2.6,3,0.046511627906976744,0.06046511627906977
sports,animated,thelastairbender,71,2,69,2.6,5,0.028169014084507043,0.036619718309859155
sports,animated,thesimpsons,11,1,10,1.3,1,0.09090909090909091,0.11818181818181818
sports,baseball,baseball,26,1,25,1.3,2,0.038461538461538464,0.05
sports,baseball,fantasybaseball,11,0,11,0.0,1,0.0,0.0
sports,basketball,collegebasketball,13,1,12,1.3,1,0.07692307692307693,0.1
sports,basketball,fantasybball,14,1,13,1.2999999999999996,1,0.07142857142857142,0.09285714285714283
sports,basketball,nba,189,5,184,6.499999999999999,11,0.026455026455026454,0.03439153439153439
sports,cars,formula1,30,1,29,1.2999999999999998,1,0.03333333333333333,0.04333333333333333
sports,cars,nascar,67,0,67,0.0,3,0.0,0.0
sports,doctor who,doctorwho,29,1,28,1.3,1,0.034482758620689655,0.04482758620689655
sports,doctor who,gallifrey,42,1,41,1.2999999999999998,1,0.023809523809523808,0.030952380952380946
sports,fighting,mma,74,4,70,5.199999999999999,3,0.05405405405405406,0.07027027027027026
sports,fighting,squaredcircle,149,6,143,7.799999999999999,7,0.040268456375838924,0.0523489932885906
sports,fighting,ufc,11,1,10,1.3,1,0.09090909090909091,0.11818181818181818
sports,fighting,wwe,22,0,22,0.0,1,0.0,0.0
sports,hockey,hockey,152,4,148,5.2,5,0.02631578947368421,0.034210526315789476
sports,hockey,leafs,53,4,49,5.199999999999999,1,0.07547169811320754,0.0981132075471698
sports,hockey,nhl,15,0,15,0.0,1,0.0,0.0
sports,individual shows,community,11,0,11,0.0,1,0.0,0.0
sports,individual shows,flashtv,29,0,29,0.0,1,0.0,0.0
sports,individual shows,gameofthrones,95,0,95,0.0,3,0.0,0.0
sports,individual shows,himym,16,1,15,1.2999999999999998,1,0.0625,0.08124999999999999
sports,individual shows,rupaulsdragrace,13,0,13,0.0,1,0.0,0.0
sports,individual shows,siliconvalleyhbo,12,1,11,1.2999999999999998,1,0.08333333333333333,0.10833333333333332
sports,individual shows,survivor,15,0,15,0.0,1,0.0,0.0
sports,individual shows,thewalkingdead,15,0,15,0.0,1,0.0,0.0
sports,it's always sunny in philadelphia,iasip,64,4,60,5.2,4,0.0625,0.08125
sports,seinfeld,seinfeld,26,0,26,0.0,2,0.0,0.0
sports,soccer,fantasypl,23,0,23,0.0,1,0.0,0.0
sports,soccer,mls,45,1,44,1.2999999999999998,2,0.022222222222222223,0.028888888888888884
sports,soccer,soccer,239,5,234,6.499999999999999,7,0.02092050209205021,0.027196652719665267
sports,soccer,worldcup,12,0,12,0.0,1,0.0,0.0
sports,soccer teams,chelseafc,142,5,137,6.5,3,0.035211267605633804,0.045774647887323945
sports,soccer teams,gunners,152,10,142,13.0,5,0.06578947368421052,0.08552631578947369
sports,soccer teams,liverpoolfc,85,3,82,3.8999999999999995,2,0.03529411764705882,0.045882352941176464
sports,soccer teams,reddevils,127,10,117,12.999999999999998,2,0.07874015748031496,0.10236220472440943
sports,sports team subreddits,bicycling,14,0,14,0.0,1,0.0,0.0
sports,sports team subreddits,running,27,2,25,2.5999999999999996,2,0.07407407407407407,0.09629629629629628
sports,sports team subreddits,sports,13,1,12,1.3,1,0.07692307692307693,0.1
sports,teams,bostonceltics,65,1,64,1.3,1,0.015384615384615385,0.02
sports,teams,chicagobulls,80,2,78,2.6,1,0.025,0.0325
sports,teams,lakers,61,4,57,5.199999999999999,1,0.06557377049180328,0.08524590163934426
sports,teams,sixers,99,6,93,7.799999999999999,2,0.06060606060606061,0.07878787878787878
sports,teams,torontoraptors,52,2,50,2.6,1,0.038461538461538464,0.05
sports,teams,warriors,87,5,82,6.499999999999999,1,0.05747126436781609,0.07471264367816091
sports,tv,marvelstudios,107,1,106,1.2999999999999998,6,0.009345794392523364,0.012149532710280372
sports,tv,shield,54,0,54,0.0,3,0.0,0.0
sports,tv,television,318,0,318,0.0,11,0.0,0.0
video games,battlefield,battlefield,49,2,47,2.5999999999999996,2,0.04081632653061224,0.05306122448979591
video games,battlefield,battlefield_4,14,0,14,0.0,1,0.0,0.0
video games,battlefield,battlefield_one,32,3,29,3.9,1,0.09375,0.121875
video games,borderlands,borderlands,12,0,12,0.0,1,0.0,0.0
video games,borderlands,borderlands2,22,0,22,0.0,1,0.0,0.0
video games,call of duty,blackops3,48,2,46,2.5999999999999996,2,0.041666666666666664,0.05416666666666666
video games,call of duty,callofduty,11,0,11,0.0,1,0.0,0.0
video games,call of duty,codcompetitive,41,0,41,0.0,2,0.0,0.0
video games,call of duty,codzombies,44,2,42,2.6,1,0.045454545454545456,0.05909090909090909
video games,comic movies,dc_cinematic,80,13,67,16.9,4,0.1625,0.21125
video games,comic movies,marvelstudios,107,1,106,1.2999999999999998,6,0.009345794392523364,0.012149532710280372
video games,counter strike,csgo,15,1,14,1.2999999999999998,1,0.06666666666666667,0.08666666666666666
video games,counter strike,globaloffensive,279,15,264,19.5,11,0.053763440860215055,0.06989247311827956
video games,dark souls,darksouls,58,3,55,3.8999999999999995,2,0.05172413793103448,0.06724137931034482
video games,dark souls,darksouls2,61,1,60,1.3,2,0.01639344262295082,0.021311475409836068
video games,dark souls,darksouls3,69,4,65,5.199999999999999,3,0.057971014492753624,0.0753623188405797
video games,destiny,destinythegame,124,2,122,2.6,4,0.016129032258064516,0.020967741935483872
video games,destiny,fireteams,98,1,97,1.2999999999999998,1,0.01020408163265306,0.013265306122448977
video games,destiny,raidsecrets,92,1,91,1.2999999999999998,1,0.010869565217391304,0.014130434782608694
video games,diablo,diablo,49,3,46,3.9,1,0.061224489795918366,0.07959183673469387
video games,diablo,diablo3,49,0,49,0.0,1,0.0,0.0
video games,elder scrolls,teslore,13,1,12,1.3,1,0.07692307692307693,0.1
video games,fallout,fallout,88,1,87,1.2999999999999998,2,0.011363636363636364,0.01477272727272727
video games,fallout,fo4,69,0,69,0.0,1,0.0,0.0
video games,fantasy,fantasy,119,1,118,1.2999999999999998,2,0.008403361344537815,0.010924369747899159
video games,final fantasy,ffxv,15,0,15,0.0,1,0.0,0.0
video games,final fantasy,finalfantasy,32,2,30,2.6,2,0.0625,0.08125
video games,first person shooters (fps),tf2,126,8,118,10.399999999999999,6,0.06349206349206349,0.08253968253968252
video games,game systems/consoles/companies,oculus,307,14,293,18.2,10,0.04560260586319218,0.05928338762214983
video games,game systems/consoles/companies,paradoxplaza,115,0,115,0.0,4,0.0,0.0
video games,game systems/consoles/companies,vive,130,2,128,2.599999999999999,3,0.015384615384615385,0.019999999999999993
video games,game systems/consoles/companies,xboxone,142,7,135,9.100000000000001,5,0.04929577464788732,0.06408450704225353
video games,genres,cyberpunk,59,0,59,0.0,4,0.0,0.0
video games,grand theft auto (gta),grandtheftautov,48,0,48,0.0,2,0.0,0.0
video games,grand theft auto (gta),gtaonline,30,0,30,0.0,1,0.0,0.0
video games,grand theft auto (gta),gtav,33,1,32,1.2999999999999998,2,0.030303030303030304,0.03939393939393939
video games,halo,halo,43,0,43,0.0,1,0.0,0.0
video games,hearthstone,competitivehs,132,2,130,2.599999999999999,1,0.015151515151515152,0.019696969696969692
video games,hearthstone,customhearthstone,57,2,55,2.5999999999999996,1,0.03508771929824561,0.045614035087719294
video games,hearthstone,hearthstone,299,8,291,10.399999999999999,6,0.026755852842809364,0.03478260869565217
video games,individual movies/series,harrypotter,79,5,74,6.499999999999999,4,0.06329113924050633,0.08227848101265822
video games,individual movies/series,lotr,35,0,35,0.0,2,0.0,0.0
video games,individual movies/series,starwars,99,9,90,11.7,6,0.09090909090909091,0.11818181818181818
video games,individual video games/series,blackdesertonline,13,1,12,1.3,1,0.07692307692307693,0.1
video games,individual video games/series,bloodborne,11,0,11,0.0,1,0.0,0.0
video games,individual video games/series,civ,34,1,33,1.3,2,0.029411764705882353,0.03823529411764706
video games,individual video games/series,crusaderkings,37,1,36,1.3,2,0.02702702702702703,0.03513513513513514
video games,individual video games/series,dota2,375,22,353,28.6,13,0.058666666666666666,0.07626666666666668
video games,individual video games/series,edh,62,1,61,1.2999999999999998,1,0.016129032258064516,0.02096774193548387
video games,individual video games/series,elitedangerous,76,2,74,2.5999999999999996,4,0.02631578947368421,0.03421052631578947
video games,individual video games/series,eu4,42,1,41,1.2999999999999998,1,0.023809523809523808,0.030952380952380946
video games,individual video games/series,eve,59,5,54,6.5,3,0.0847457627118644,0.11016949152542373
video games,individual video games/series,forza,12,0,12,0.0,1,0.0,0.0
video games,individual video games/series,heroesofthestorm,86,5,81,6.5,6,0.05813953488372093,0.0755813953488372
video games,individual video games/series,hoi4,21,0,21,0.0,1,0.0,0.0
video games,individual video games/series,metalgearsolid,11,0,11,0.0,1,0.0,0.0
video games,individual video games/series,nomansskythegame,46,3,43,3.9000000000000004,3,0.06521739130434782,0.08478260869565218
video games,individual video games/series,osugame,11,0,11,0.0,1,0.0,0.0
video games,individual video games/series,smashbros,112,2,110,2.5999999999999996,6,0.017857142857142856,0.02321428571428571
video games,individual video games/series,smite,25,0,25,0.0,1,0.0,0.0
video games,individual video games/series,starcitizen,75,9,66,11.7,4,0.12,0.156
video games,individual video games/series,starcraft,123,3,120,3.8999999999999995,8,0.024390243902439025,0.031707317073170725
video games,individual video games/series,warframe,11,0,11,0.0,1,0.0,0.0
video games,individual video games/series,warhammer,30,1,29,1.2999999999999998,1,0.03333333333333333,0.04333333333333333
video games,individual video games/series,warhammer40k,33,0,33,0.0,1,0.0,0.0
video games,individual youtubers/companies,defranco,26,3,23,3.8999999999999995,2,0.11538461538461539,0.14999999999999997
video games,individual youtubers/companies,gamegrumps,42,3,39,3.8999999999999995,3,0.07142857142857142,0.09285714285714285
video games,individual youtubers/companies,h3h3productions,34,2,32,2.5999999999999996,2,0.058823529411764705,0.07647058823529411
video games,individual youtubers/companies,jontron,47,2,45,2.5999999999999996,3,0.0425531914893617,0.0553191489361702
video games,individual youtubers/companies,redlettermedia,40,4,36,5.2,3,0.1,0.13
video games,internet dating,okcupid,11,0,11,0.0,1,0.0,0.0
video games,internet politics,kotakuinaction,11,1,10,1.3,1,0.09090909090909091,0.11818181818181818
video games,internet politics,wikileaks,41,0,41,0.0,2,0.0,0.0
video games,internet/apps,google,15,0,15,0.0,1,0.0,0.0
video games,internet/apps,scams,46,1,45,1.2999999999999998,1,0.021739130434782608,0.028260869565217388
video games,internet/apps,web_design,30,0,30,0.0,1,0.0,0.0
video games,league of legends,leagueoflegends,504,11,493,14.299999999999997,12,0.021825396825396824,0.028373015873015866
video games,league of legends,loleventvods,20,0,20,0.0,1,0.0,0.0
video games,league of legends,summonerschool,220,4,216,5.199999999999999,1,0.01818181818181818,0.023636363636363632
video games,minecraft,feedthebeast,49,0,49,0.0,1,0.0,0.0
video games,minecraft,minecraft,28,0,28,0.0,1,0.0,0.0
video games,mmos,wow,21,1,20,1.2999999999999998,1,0.047619047619047616,0.06190476190476189
video games,movies,documentaries,12,0,12,0.0,1,0.0,0.0
video games,movies,movies,278,7,271,9.1,11,0.025179856115107913,0.032733812949640284
video games,movies,moviescirclejerk,755,134,621,174.2,17,0.17748344370860927,0.23072847682119205
video games,movies,truefilm,21,1,20,1.2999999999999998,1,0.047619047619047616,0.06190476190476189
video games,nintendo,3ds,162,0,162,0.0,6,0.0,0.0
video games,nintendo,3dshacks,12,0,12,0.0,1,0.0,0.0
video games,nintendo,amiibo,45,1,44,1.2999999999999998,3,0.022222222222222223,0.028888888888888884
video games,nintendo,nintendo,290,1,289,1.2999999999999998,11,0.0034482758620689655,0.004482758620689655
video games,nintendo,nintendoswitch,44,0,44,0.0,2,0.0,0.0
video games,nintendo,wiiu,161,1,160,1.3,3,0.006211180124223602,0.008074534161490683
video games,overwatch,competitiveoverwatch,114,3,111,3.900000000000001,2,0.02631578947368421,0.03421052631578948
video games,overwatch,overwatch,239,12,227,15.6,9,0.0502092050209205,0.06527196652719665
video games,overwatch,overwatchuniversity,91,4,87,5.199999999999999,2,0.04395604395604396,0.057142857142857134
video games,pc,linux_gaming,96,1,95,1.2999999999999998,6,0.010416666666666666,0.013541666666666665
video games,pc,pcgaming,296,3,293,3.9000000000000012,11,0.010135135135135136,0.01317567567567568
video games,pc,pcmasterrace,476,17,459,22.099999999999998,14,0.03571428571428571,0.04642857142857142
video games,pc,steam,170,6,164,7.799999999999999,7,0.03529411764705882,0.045882352941176464
video games,pokemon,pokemon,84,3,81,3.8999999999999995,6,0.03571428571428571,0.04642857142857142
video games,pokemon go!,pokemongo,144,3,141,3.9000000000000004,4,0.020833333333333332,0.027083333333333334
video games,pokemon go!,thesilphroad,79,4,75,5.199999999999999,1,0.05063291139240506,0.06582278481012657
video games,ps4,ps4,182,3,179,3.9000000000000004,10,0.016483516483516484,0.021428571428571432
video games,rocket league,rocketleague,31,0,31,0.0,1,0.0,0.0
video games,roosterteeth,funhaus,12,0,12,0.0,1,0.0,0.0
video games,roosterteeth,roosterteeth,70,3,67,3.9,4,0.04285714285714286,0.055714285714285716
video games,roosterteeth,rwby,14,0,14,0.0,1,0.0,0.0
video games,runescape,2007scape,217,12,205,15.599999999999998,4,0.055299539170506916,0.07188940092165898
video games,runescape,runescape,175,8,167,10.4,2,0.045714285714285714,0.05942857142857143
video games,sci-fi,asksciencefiction,20,3,17,3.9000000000000004,1,0.15,0.195
video games,sci-fi,sciencefiction,40,0,40,0.0,1,0.0,0.0
video games,sci-fi,scifi,74,2,72,2.5999999999999996,2,0.02702702702702703,0.03513513513513513
video games,sci-fi,startrek,14,0,14,0.0,1,0.0,0.0
video games,sci-fi,starwars,99,9,90,11.7,6,0.09090909090909091,0.11818181818181818
video games,skyrim,skyrim,105,2,103,2.5999999999999996,3,0.01904761904761905,0.02476190476190476
video games,skyrim,skyrimmods,73,4,69,5.199999999999999,2,0.0547945205479452,0.07123287671232875
video games,sony,psvr,11,0,11,0.0,1,0.0,0.0
video games,sony,vita,47,1,46,1.3,3,0.02127659574468085,0.027659574468085108
video games,sports,fifa,18,1,17,1.3,1,0.05555555555555555,0.07222222222222223
video games,tumblr,tumblrinaction,13,2,11,2.6,1,0.15384615384615385,0.2
video games,video games (general),androidgaming,13,0,13,0.0,1,0.0,0.0
video games,video games (general),games,462,13,449,16.9,25,0.02813852813852814,0.036580086580086574
video games,video games (general),gaming,769,35,734,45.49999999999998,35,0.045513654096228866,0.0591677503250975
video games,video games (general),gamingcirclejerk,1973,480,1493,623.9999999999999,43,0.2432843385707045,0.31626964014191583
video games,video games (general),indiegaming,70,2,68,2.599999999999999,3,0.02857142857142857,0.03714285714285713
video games,video games (general),mmorpg,15,2,13,2.5999999999999996,1,0.13333333333333333,0.1733333333333333
video games,video games (general),outside,23,0,23,0.0,1,0.0,0.0
video games,video games (general),patientgamers,16,0,16,0.0,1,0.0,0.0
video games,video games (general),truegaming,24,3,21,3.8999999999999995,1,0.125,0.16249999999999998
video games,witcher,witcher,19,0,19,0.0,1,0.0,0.0
video games,youtube,youtube,14,2,12,2.5999999999999996,1,0.14285714285714285,0.1857142857142857
video games,zelda,breath_of_the_wild,12,0,12,0.0,1,0.0,0.0
video games,zelda,zelda,56,0,56,0.0,4,0.0,0.0
